-- phpMyAdmin SQL Dump
-- version 4.7.4
-- https://www.phpmyadmin.net/
--
-- Servidor: 127.0.0.1:3306
-- Tiempo de generación: 22-06-2018 a las 01:40:45
-- Versión del servidor: 5.7.19
-- Versión de PHP: 5.6.31

SET SQL_MODE = "NO_AUTO_VALUE_ON_ZERO";
SET AUTOCOMMIT = 0;
START TRANSACTION;
SET time_zone = "+00:00";


/*!40101 SET @OLD_CHARACTER_SET_CLIENT=@@CHARACTER_SET_CLIENT */;
/*!40101 SET @OLD_CHARACTER_SET_RESULTS=@@CHARACTER_SET_RESULTS */;
/*!40101 SET @OLD_COLLATION_CONNECTION=@@COLLATION_CONNECTION */;
/*!40101 SET NAMES utf8mb4 */;

--
-- Base de datos: `chewbacca`
--
CREATE DATABASE IF NOT EXISTS `chewbacca` DEFAULT CHARACTER SET latin1 COLLATE latin1_swedish_ci;
USE `chewbacca`;

-- --------------------------------------------------------

--
-- Estructura de tabla para la tabla `acuerdo`
--

DROP TABLE IF EXISTS `acuerdo`;
CREATE TABLE IF NOT EXISTS `acuerdo` (
  `id` int(11) NOT NULL AUTO_INCREMENT,
  `archivo` varchar(500) DEFAULT NULL,
  `fecha_acuerdo` datetime NOT NULL,
  `aprobado` varchar(15) NOT NULL,
  PRIMARY KEY (`id`)
) ENGINE=MyISAM AUTO_INCREMENT=8 DEFAULT CHARSET=latin1;

--
-- Volcado de datos para la tabla `acuerdo`
--

INSERT INTO `acuerdo` (`id`, `archivo`, `fecha_acuerdo`, `aprobado`) VALUES
(1, 'C:\\AEM\\workspace\\programa-sustitucion\\uploads\\OBLIGATORIA-2-A Pattern for an Effective.pdf', '2018-06-19 00:00:00', 'true'),
(2, 'C:\\AEM\\workspace\\programa-sustitucion\\uploads\\VOLUNTARIA-3-PlantillaIEEE.docx', '2018-06-20 00:00:00', 'true'),
(3, 'C:\\AEM\\workspace\\programa-sustitucion\\uploads\\OBLIGATORIA-3-PlantillaIEEE.docx', '2018-06-20 00:00:00', 'true'),
(4, 'C:\\AEM\\workspace\\programa-sustitucion\\uploads\\OBLIGATORIA-4-PlantillaIEEE.docx', '2018-06-21 00:00:00', 'true'),
(5, 'C:\\AEM\\workspace\\programa-sustitucion\\uploads\\OBLIGATORIA-4-PlantillaIEEE.docx', '2018-06-21 00:00:00', 'true'),
(6, 'C:\\AEM\\workspace\\programa-sustitucion\\uploads\\VOLUNTARIA-7-Proyecto conectividad para sistemas de transporte inteligentes(2).pdf', '2018-06-21 00:00:00', 'true'),
(7, 'C:\\AEM\\workspace\\programa-sustitucion\\uploads\\VOLUNTARIA-5-Proyecto conectividad para sistemas de transporte inteligentes(2).pdf', '2018-06-21 00:00:00', 'true');

-- --------------------------------------------------------

--
-- Estructura de tabla para la tabla `departamento`
--

DROP TABLE IF EXISTS `departamento`;
CREATE TABLE IF NOT EXISTS `departamento` (
  `id` int(11) NOT NULL,
  `id_pais` int(11) DEFAULT NULL,
  `nombre` varchar(255) DEFAULT NULL,
  `latitud` double NOT NULL,
  `longitud` double NOT NULL,
  PRIMARY KEY (`id`)
) ENGINE=MyISAM DEFAULT CHARSET=latin1;

--
-- Volcado de datos para la tabla `departamento`
--

INSERT INTO `departamento` (`id`, `id_pais`, `nombre`, `latitud`, `longitud`) VALUES
(41, 1, 'Huila', 2.5, -75.75),
(95, 1, 'Guaviare', 1.6894444, -72.8202778),
(94, 1, 'Guainía', 2.5, -69),
(23, 1, 'Córdoba', 8.3333333, -75.6666667),
(25, 1, 'Cundinamarca', 5, -74.1666667),
(27, 1, 'Chocó', 6, -77),
(20, 1, 'Cesar', 9.3333333, -73.5),
(19, 1, 'Cauca', 2.5, -76.8333333),
(85, 1, 'Casanare', 5.5, -71.5),
(18, 1, 'Caquetá', 1, -74),
(17, 1, 'Caldas', 5.25, -75.5),
(15, 1, 'Boyacá', 5.5, -72.5),
(13, 1, 'Bolívar', 9, -74.3333333),
(8, 1, 'Atlántico', 10.75, -75),
(81, 1, 'Arauca', 7.0902778, -70.7616667),
(5, 1, 'Antioquia', 7, -75.5),
(91, 1, 'Amazonas', -1.0197222, -71.9383333),
(44, 1, 'La Guajira', 11.5, -72.5),
(47, 1, 'Magdalena', 10, -74.5),
(50, 1, 'Meta', 3.5, -73),
(52, 1, 'Nariño', 1.5, -78),
(54, 1, 'Norte de Santander', 8, -73),
(86, 1, 'Putumayo', 0.5, -76),
(63, 1, 'Quindío', 4.5, -75.6666667),
(66, 1, 'Risaralda', 5, -76),
(88, 1, 'San Andrés', 12.5847222, -81.7005556),
(68, 1, 'Santander', 7, -73.25),
(70, 1, 'Sucre', 9, -75),
(73, 1, 'Tolima', 3.75, -75.25),
(76, 1, 'Valle del Cauca', 3.75, -76.5),
(97, 1, 'Vaupés', 0.25, -70.75),
(99, 1, 'Vichada', 5, -69.5);

-- --------------------------------------------------------

--
-- Estructura de tabla para la tabla `municipio`
--

DROP TABLE IF EXISTS `municipio`;
CREATE TABLE IF NOT EXISTS `municipio` (
  `id` int(11) NOT NULL,
  `nombre` varchar(255) NOT NULL,
  `latitud` double DEFAULT NULL,
  `longitud` double DEFAULT NULL,
  `id_departamento` int(11) NOT NULL,
  PRIMARY KEY (`id`),
  KEY `fk_departamento_id` (`id_departamento`)
) ENGINE=MyISAM DEFAULT CHARSET=latin1;

--
-- Volcado de datos para la tabla `municipio`
--

INSERT INTO `municipio` (`id`, `nombre`, `latitud`, `longitud`, `id_departamento`) VALUES
(5002, 'Abejorral', 5.75, -75.4166667, 5),
(5004, 'Abriaquí', 6.6666667, -76.0833333, 5),
(50006, 'Acacías', 3.9166667, -73.8333333, 50),
(27006, 'Acandí', 8.3333333, -77.1666667, 27),
(41006, 'Acevedo', 1.75, -75.9166667, 41),
(13006, 'Achí', 8.25, -74.5, 13),
(41013, 'Agrado', 2.3333333, -75.75, 41),
(25001, 'Agua de Dios', 4.4166667, -74.6666667, 25),
(20011, 'Aguachica', 8.3333333, -73.5833333, 20),
(68013, 'Aguada', 6.25, -73.4666667, 68),
(17013, 'Aguadas', 5.6333333, -75.4166667, 17),
(85010, 'Aguazul', 5.1730556, -72.5547222, 85),
(20013, 'Agustín Codazzi', 9.9166667, -73.25, 20),
(41016, 'Aipe', 3.25, -75.3333333, 41),
(18029, 'Albania', 1.3316667, -75.8822222, 18),
(44035, 'Albania', 11.1597222, -72.5855556, 44),
(68020, 'Albania', 5.8333333, -73.75, 68),
(25019, 'Albán', 4.9166667, -74.45, 25),
(52019, 'Albán (San José)', 1.4744444, -77.0836111, 52),
(76020, 'Alcalá', 4.6666667, -75.75, 76),
(52022, 'Aldana', 0.9166667, -77.6833333, 52),
(5021, 'Alejandria', 6.3666667, -75.0833333, 5),
(47030, 'Algarrobo', 10.1869444, -74.5752778, 47),
(41020, 'Algeciras', 2.5833333, -75.25, 41),
(19022, 'Almaguer', 1.9166667, -76.8333333, 19),
(15022, 'Almeida', 4.9166667, -73.3333333, 15),
(73024, 'Alpujarra', 3.4166667, -74.9166667, 73),
(41026, 'Altamira', 2.1666667, -75.8333333, 41),
(27025, 'Alto Baudó (Pie de Pato)', 5.6666667, -77, 27),
(13030, 'Altos del Rosario', 8.7944444, -74.1658333, 13),
(73026, 'Alvarado', 4.5833333, -75, 73),
(5030, 'Amagá', 6.05, -75.7, 5),
(5031, 'Amalfi', 7, -74.9166667, 5),
(73030, 'Ambalema', 4.8333333, -74.8333333, 73),
(25035, 'Anapoima', 4.6166667, -74.55, 25),
(52036, 'Ancuya', 1.25, -77.5, 52),
(76036, 'Andalucía', 4.1741667, -76.1702778, 76),
(5034, 'Andes', 5.5833333, -75.9166667, 5),
(5036, 'Angelópolis', 6.1333333, -75.7, 5),
(5038, 'Angostura', 6.8666667, -75.3333333, 5),
(25040, 'Anolaima', 4.8333333, -74.5, 25),
(5040, 'Anorí', 7.1666667, -75.0833333, 5),
(17042, 'Anserma', 5.25, -75.75, 17),
(76041, 'Ansermanuevo', 4.7972222, -75.995, 76),
(73043, 'Anzoátegui', 4.6666667, -75.25, 73),
(5044, 'Anzá', 6.3333333, -75.9166667, 5),
(5045, 'Apartadó', 7.8855556, -76.6347222, 5),
(25599, 'Apulo', 4.5833333, -74.5833333, 25),
(66045, 'Apía', 5.1666667, -76, 66),
(15047, 'Aquitania', 5.5197222, -72.8875, 15),
(47053, 'Aracataca', 10.5833333, -74, 47),
(17050, 'Aranzazu', 5.3, -75.45, 17),
(68051, 'Aratoca', 6.8333333, -72.9666667, 68),
(81001, 'Arauca', 7.0902778, -70.7616667, 81),
(81065, 'Arauquita', 6.8219444, -71.3236111, 81),
(25053, 'Arbeláez', 4.3, -74.5833333, 25),
(52051, 'Arboleda (Berruecos)', 1.5033333, -77.0877778, 52),
(54051, 'Arboledas', 7.6666667, -72.75, 54),
(5051, 'Arboletes', 8.5, -76.4166667, 5),
(15051, 'Arcabuco', 5.8, -73.3833333, 15),
(13042, 'Arenal', 8.4666667, -73.95, 13),
(5055, 'Argelia', 5.7341667, -75.1463889, 5),
(19050, 'Argelia', 2.2666667, -77.25, 19),
(76054, 'Argelia', 4.7, -76.1333333, 76),
(47058, 'Ariguaní (El Difícil)', 10.25, -74, 47),
(13052, 'Arjona', 10.1666667, -75.3333333, 13),
(5059, 'Armenia', 6.1666667, -75.8333333, 5),
(63001, 'Armenia', 4.5338889, -75.6811111, 63),
(73055, 'Armero (Guayabal)', 5.0833333, -74.8333333, 73),
(13062, 'Arroyohondo', 10.2497222, -75.0113889, 13),
(20032, 'Astrea', 9.5011111, -73.9802778, 20),
(73067, 'Ataco', 3.3333333, -75.6666667, 73),
(27050, 'Atrato (Yuto)', 5.5333333, -76.6333333, 27),
(23068, 'Ayapel', 8.25, -75.25, 23),
(27073, 'Bagadó', 5.5, -76.25, 27),
(27075, 'Bahía Solano (Mútis)', 6.2191667, -77.4077778, 27),
(27077, 'Bajo Baudó (Pizarro)', 5, -77.0833333, 27),
(19075, 'Balboa', 2.1, -77.2, 19),
(66075, 'Balboa', 4.9166667, -75.95, 66),
(8078, 'Baranoa', 10.8, -74.9166667, 8),
(41078, 'Baraya', 3.1666667, -75, 41),
(52079, 'Barbacoas', 1.5833333, -78, 52),
(5079, 'Barbosa', 6.45, -75.3333333, 5),
(68077, 'Barbosa', 6, -73.55, 68),
(68079, 'Barichara', 6.75, -73.1666667, 68),
(50110, 'Barranca de Upía', 4.5755556, -72.9611111, 50),
(68081, 'Barrancabermeja', 7.0652778, -73.8547222, 68),
(44078, 'Barrancas', 11, -72.75, 44),
(13074, 'Barranco de Loba', 8.8333333, -74.1666667, 13),
(8001, 'Barranquilla', 10.9638889, -74.7963889, 8),
(20045, 'Becerríl', 9.705, -73.2847222, 20),
(17088, 'Belalcázar', 5, -75.8333333, 17),
(5088, 'Bello', 6.3388889, -75.5622222, 5),
(5086, 'Belmira', 6.6666667, -75.6666667, 5),
(25086, 'Beltrán', 4.8, -74.75, 25),
(15087, 'Belén', 6.0833333, -72.9166667, 15),
(52083, 'Belén', 1.5975, -77.0175, 52),
(27086, 'Belén de Bajirá', 7.3725, -76.7147222, 27),
(66088, 'Belén de Umbría', 5.25, -75.9166667, 66),
(18094, 'Belén de los Andaquíes', 1.4166667, -75.9166667, 18),
(15090, 'Berbeo', 5.3333333, -73, 15),
(5091, 'Betania', 5.75, -75.9666667, 5),
(15092, 'Beteitiva', 6, -72.8333333, 15),
(5093, 'Betulia', 6.2, -75.9166667, 5),
(68092, 'Betulia', 7.0833333, -73.3333333, 68),
(25095, 'Bituima', 4.9166667, -74.55, 25),
(15097, 'Boavita', 6.4166667, -72.5833333, 15),
(54099, 'Bochalema', 7.6666667, -72.5833333, 54),
(11001, 'Bogotá D.C.', 4.6, -74.0833333, 25),
(25099, 'Bojacá', 4.75, -74.3333333, 25),
(27099, 'Bojayá (Bellavista)', 6.5236111, -76.9744444, 27),
(5101, 'Bolívar', 5.8333333, -76, 5),
(19100, 'Bolívar', 1.8333333, -76.9166667, 19),
(68101, 'Bolívar', 6.25, -74, 68),
(76100, 'Bolívar', 4.3333333, -76.3333333, 76),
(20060, 'Bosconia', 9.9761111, -73.8902778, 20),
(15104, 'Boyacá', 5.5, -72.5, 15),
(5107, 'Briceño', 7.1122222, -75.5541667, 5),
(15106, 'Briceño', 5.75, -73.8333333, 15),
(68001, 'Bucaramanga', 7.1297222, -73.1258333, 68),
(54109, 'Bucarasica', 8.0833333, -73, 54),
(76109, 'Buenaventura', 3.8933333, -77.0697222, 76),
(15109, 'Buenavista', 5.5, -73.9666667, 15),
(23079, 'Buenavista', 8.7575, -75.89, 23),
(63111, 'Buenavista', 4.3622222, -75.7394444, 63),
(70110, 'Buenavista', 9.3222222, -74.9772222, 70),
(19110, 'Buenos Aires', 2.9166667, -76.6666667, 19),
(52110, 'Buesaco', 1.25, -77.0833333, 52),
(76111, 'Buga', 3.9022222, -76.3027778, 76),
(76113, 'Bugalagrande', 4.2094444, -76.1602778, 76),
(5113, 'Burítica', 6.75, -75.9166667, 5),
(15114, 'Busbanza', 5.9166667, -72.85, 15),
(25120, 'Cabrera', 3.9780556, -74.4858333, 25),
(68121, 'Cabrera', 6.6333333, -73.2, 68),
(50124, 'Cabuyaro', 4.2902778, -72.7905556, 50),
(25123, 'Cachipay', 5.2666667, -74.5666667, 25),
(5125, 'Caicedo', 6.45, -75.9666667, 5),
(76122, 'Caicedonia', 4.333659175, -75.83424568, 76),
(70124, 'Caimito', 8.8333333, -75.1666667, 70),
(73124, 'Cajamarca', 4.4166667, -75.5, 73),
(19130, 'Cajibío', 2.6666667, -76.6666667, 19),
(25126, 'Cajicá', 5, -74.05, 25),
(13140, 'Calamar', 10.25, -75, 13),
(95015, 'Calamar', 1.9597222, -72.6538889, 95),
(63130, 'Calarcá', 4.5325, -75.6436111, 63),
(5129, 'Caldas', 6.0833333, -75.6333333, 5),
(15131, 'Caldas', 5.55, -73.8833333, 15),
(19137, 'Caldono', 2.8333333, -76.4166667, 19),
(68132, 'California', 7.4166667, -72.85, 68),
(76126, 'Calima (Darién)', 3.9166667, -76.6666667, 76),
(19142, 'Caloto', 3.0833333, -76.3333333, 19),
(76001, 'Calí', 3.4372222, -76.5225, 76),
(5134, 'Campamento', 7.0833333, -75.25, 5),
(8137, 'Campo de la Cruz', 10.4166667, -74.9166667, 8),
(41132, 'Campoalegre', 2.6666667, -75.3333333, 41),
(15135, 'Campohermoso', 5.0833333, -73, 15),
(23090, 'Canalete', 8.6761111, -76.2041667, 23),
(8141, 'Candelaria', 10.5, -74.8333333, 8),
(76130, 'Candelaria', 3.4130556, -76.3511111, 76),
(13160, 'Cantagallo', 7.3791667, -73.9180556, 13),
(27135, 'Cantón de San Pablo', 5.3388889, -76.7313889, 27),
(25148, 'Caparrapí', 5.4166667, -74.5833333, 25),
(68147, 'Capitanejo', 6.6, -72.6333333, 68),
(5142, 'Caracolí', 6.4119444, -74.7605556, 5),
(5145, 'Caramanta', 5.5833333, -75.5833333, 5),
(68152, 'Carcasí', 6.8333333, -72.5, 68),
(5147, 'Carepa', 7.7663889, -76.6611111, 5),
(73148, 'Carmen de Apicalá', 4.15, -74.7333333, 73),
(25154, 'Carmen de Carupa', 5.3502778, -73.9052778, 25),
(5148, 'Carmen de Viboral', 6.085, -75.3386111, 5),
(27150, 'Carmen del Darién (CURBARADÓ)', 7.158, -76.971, 27),
(5150, 'Carolina', 6.8, -75.25, 5),
(13001, 'Cartagena', 10.3997222, -75.5144444, 13),
(18150, 'Cartagena del Chairá', 1.35, -74.84, 18),
(76147, 'Cartago', 4.7463889, -75.9116667, 76),
(97161, 'Carurú', 0.9166667, -70.7333333, 97),
(73152, 'Casabianca', 5.0833333, -75.1666667, 73),
(50150, 'Castilla la Nueva', 3.8, -73.5833333, 50),
(5154, 'Caucasia', 7.9166667, -75, 5),
(5138, 'Cañasgordas', 6.75, -76, 5),
(68160, 'Cepita', 6.8333333, -72.9166667, 68),
(23162, 'Cereté', 8.9166667, -76, 23),
(15162, 'Cerinza', 6, -72.9166667, 15),
(68162, 'Cerrito', 7, -72.5833333, 68),
(47161, 'Cerro San Antonio', 10.25, -74.8333333, 47),
(52240, 'Chachaguí', 1.359430539, -77.28366852, 52),
(25168, 'Chaguaní', 5, -74.65, 25),
(70230, 'Chalán', 9.5491667, -75.3161111, 70),
(73168, 'Chaparral', 3.75, -75.5833333, 73),
(68167, 'Charalá', 6.25, -73.0833333, 68),
(68169, 'Charta', 7.3, -72.9666667, 68),
(5172, 'Chigorodó', 7.6666667, -76.6666667, 5),
(68176, 'Chima', 6.4166667, -73.3333333, 68),
(20175, 'Chimichagua', 9.2577778, -73.8177778, 20),
(23168, 'Chimá', 9.0833333, -75.6333333, 23),
(15172, 'Chinavita', 5.25, -73.3333333, 15),
(17174, 'Chinchiná', 5, -75.6666667, 17),
(54172, 'Chinácota', 7.75, -72.55, 54),
(23182, 'Chinú', 9.0833333, -75.3333333, 23),
(25178, 'Chipaque', 4.5, -74.0833333, 25),
(68179, 'Chipatá', 6.1333333, -73.55, 68),
(15176, 'Chiquinquirá', 5.6333333, -73.75, 15),
(20178, 'Chiriguaná', 9.5, -73.4166667, 20),
(15180, 'Chiscas', 6.75, -72.3333333, 15),
(15183, 'Chita', 6.1666667, -72.4166667, 15),
(54174, 'Chitagá', 7.1666667, -72.5833333, 54),
(15185, 'Chitaraque', 6.0833333, -73.3666667, 15),
(15187, 'Chivatá', 5.5333333, -73.2666667, 15),
(47170, 'Chivolo', 10.0280556, -74.6436111, 47),
(25181, 'Choachí', 4.5833333, -73.9166667, 25),
(25183, 'Chocontá', 5.1666667, -73.6666667, 25),
(85015, 'Chámeza', 5, -72.75, 85),
(25175, 'Chía', 4.9166667, -74.05, 25),
(15232, 'Chíquiza', 5.6083333, -73.4886111, 15),
(15236, 'Chívor', 4.8855556, -73.3688889, 15),
(13188, 'Cicuco', 9.4166667, -74.7333333, 13),
(68190, 'Cimitarra', 6.3161111, -73.9505556, 68),
(63190, 'Circasia', 4.6166667, -75.6333333, 63),
(5190, 'Cisneros', 6.5833333, -75.0833333, 5),
(15189, 'Ciénaga', 5.4666667, -73.25, 15),
(47189, 'Ciénaga', 10.8333333, -74.0833333, 47),
(23189, 'Ciénaga de Oro', 8.8333333, -75.6666667, 23),
(13222, 'Clemencia', 10.5891667, -75.3341667, 13),
(5197, 'Cocorná', 6, -75, 5),
(73200, 'Coello', 4.3333333, -74.9166667, 73),
(25200, 'Cogua', 5.15, -73.9666667, 25),
(41206, 'Colombia', 2.5, -75.75, 41),
(70204, 'Colosó (Ricaurte)', 9.4966667, -75.3555556, 70),
(86219, 'Colón', 1.1936111, -76.9769444, 86),
(52203, 'Colón (Génova)', 1.5833333, -77, 52),
(5206, 'Concepción', 6.4166667, -75.25, 5),
(68207, 'Concepción', 6.9166667, -72.5, 68),
(5209, 'Concordia', 6.0833333, -75.9166667, 5),
(47205, 'Concordia', 9.8402778, -74.4447222, 47),
(27205, 'Condoto', 5.1666667, -76.5, 27),
(68209, 'Confines', 6.4166667, -73.1666667, 68),
(52207, 'Consaca', 1.208406497, -77.46322632, 52),
(52210, 'Contadero', 0.9166667, -77.5333333, 52),
(68211, 'Contratación', 6.3333333, -73.4166667, 68),
(54206, 'Convención', 8.8333333, -73.2, 54),
(5212, 'Copacabana', 6.3333333, -75.5, 5),
(15212, 'Coper', 5.4333333, -74.0333333, 15),
(63212, 'Cordobá', 4.3905556, -75.6888889, 63),
(19212, 'Corinto', 3.1666667, -76.2, 19),
(68217, 'Coromoro', 6.3333333, -73, 68),
(70215, 'Corozal', 9.3333333, -75.25, 70),
(15215, 'Corrales', 5.8666667, -72.8333333, 15),
(25214, 'Cota', 4.8333333, -74.1333333, 25),
(23300, 'Cotorra', 9.05, -75.8, 23),
(15218, 'Covarachía', 6.5833333, -72.7, 15),
(70221, 'Coveñas', 9.4166667, -75.7, 70),
(73217, 'Coyaima', 3.8333333, -75.0833333, 73),
(81220, 'Cravo Norte', 6.3030556, -70.2016667, 81),
(52224, 'Cuaspud (Carlosama)', 0.8658333, -77.7294444, 52),
(50223, 'Cubarral', 3.7713889, -73.8377778, 50),
(15223, 'Cubará', 7.0411111, -72.0608333, 15),
(15224, 'Cucaita', 5.5333333, -73.4666667, 15),
(25224, 'Cucunubá', 5.25, -73.75, 25),
(54223, 'Cucutilla', 7.5, -72.75, 54),
(15226, 'Cuitiva', 5.65, -72.9166667, 15),
(50226, 'Cumaral', 4.25, -73.3333333, 50),
(99773, 'Cumaribo', 4.4444444, -69.8002778, 99),
(52227, 'Cumbal', 0.9166667, -77.9166667, 52),
(52233, 'Cumbitara', 1.6533333, -77.5833333, 52),
(73226, 'Cunday', 4.0833333, -74.6666667, 73),
(18205, 'Curillo', 1.0352778, -75.9247222, 18),
(68229, 'Curití', 6.6666667, -73, 68),
(20228, 'Curumaní', 9.2041667, -73.5486111, 20),
(5120, 'Cáceres', 7.6666667, -75.3333333, 5),
(54128, 'Cáchira', 7.75, -73.1666667, 54),
(54125, 'Cácota', 7.25, -72.5833333, 54),
(25151, 'Cáqueza', 4.45, -73.95, 25),
(27160, 'Cértegui', 5.4, -76.6, 27),
(15204, 'Cómbita', 5.75, -73.25, 15),
(13212, 'Córdoba', 9.5, -74.9166667, 13),
(52215, 'Córdoba', 0.7833333, -77.3333333, 52),
(54001, 'Cúcuta', 7.8833333, -72.5052778, 54),
(5234, 'Dabeiba', 7, -76.25, 5),
(76233, 'Dagua', 3.6602778, -76.6927778, 76),
(44090, 'Dibulla', 11.2722222, -73.3055556, 44),
(44098, 'Distracción', 10.8977778, -72.8869444, 44),
(73236, 'Dolores', 3.6666667, -74.75, 73),
(5237, 'Don Matías', 6.5, -75.3333333, 5),
(66170, 'Dos Quebradas', 4.8347222, -75.6725, 66),
(15238, 'Duitama', 5.8269444, -73.0202778, 15),
(54239, 'Durania', 7.75, -72.6333333, 54),
(5240, 'Ebéjico', 6.3333333, -75.75, 5),
(5250, 'El Bagre', 7.5941667, -74.8119444, 5),
(47245, 'El Banco', 9.0455556, -73.9747222, 47),
(76246, 'El Cairo', 4.75, -76.25, 76),
(50245, 'El Calvario', 4.4166667, -73.6666667, 50),
(54245, 'El Carmen', 8.75, -73.3333333, 54),
(68235, 'El Carmen', 7, -73.511, 68),
(27245, 'El Carmen de Atrato', 7, -73.511, 27),
(13244, 'El Carmen de Bolívar', 9.75, -75.1666667, 13),
(50251, 'El Castillo', 3.5680556, -73.7838889, 50),
(76248, 'El Cerrito', 3.6666667, -76.1666667, 76),
(52250, 'El Charco', 2.3333333, -78.35, 52),
(15244, 'El Cocuy', 6.4166667, -72.4166667, 15),
(25245, 'El Colegio', 4.5833333, -74.45, 25),
(20238, 'El Copey', 10.1505556, -73.965, 20),
(18247, 'El Doncello', 1.6794444, -75.2791667, 18),
(50270, 'El Dorado', 2.7791667, -72.8719444, 50),
(76250, 'El Dovio', 4.5, -76.25, 76),
(15248, 'El Espino', 6.5833333, -72.4166667, 15),
(68245, 'El Guacamayo', 6.3333333, -73.4666667, 68),
(13248, 'El Guamo', 10.0833333, -74.9166667, 13),
(44110, 'El Molino', 10.6533333, -72.9241667, 44),
(20250, 'El Paso', 9.6622222, -73.7519444, 20),
(18256, 'El Paujil', 1.564, -75.332, 18),
(52254, 'El Peñol', 1.4333333, -77.4333333, 52),
(13268, 'El Peñon', 8.9833333, -73.95, 13),
(68250, 'El Peñon', 6.55, -72.8333333, 68),
(25258, 'El Peñón', 5.3333333, -74.3333333, 25),
(47258, 'El Piñon', 10.3333333, -74.6666667, 47),
(68255, 'El Playón', 7.4766667, -73.2080556, 68),
(95025, 'El Retorno', 2.3305556, -72.6277778, 95),
(47268, 'El Retén', 10.6166667, -74.2666667, 47),
(70233, 'El Roble', 9.1, -75.2, 70),
(25260, 'El Rosal', 4.85, -74.2666667, 25),
(52256, 'El Rosario', 1.8333333, -77.3333333, 52),
(52258, 'El Tablón de Gómez', 1.8333333, -77.3333333, 52),
(19256, 'El Tambo', 2.5, -77, 19),
(52260, 'El Tambo', 1.4, -77.3333333, 52),
(54250, 'El Tarra', 8.5847222, -73.0883333, 54),
(54261, 'El Zulia', 7.9355556, -72.605, 54),
(76243, 'El Águila', 4.9166667, -76.0833333, 76),
(41244, 'Elías', 2.0833333, -76, 41),
(68264, 'Encino', 6.1666667, -73, 68),
(68266, 'Enciso', 6.75, -72.6333333, 68),
(5264, 'Entrerríos', 6.5833333, -75.5833333, 5),
(5266, 'Envigado', 6.1730556, -75.5638889, 5),
(73268, 'Espinal', 4.2, -74.8333333, 73),
(25269, 'Facatativá', 4.8166667, -74.3666667, 25),
(73270, 'Falan', 5.1333333, -75, 73),
(17272, 'Filadelfia', 5.3, -75.6, 17),
(63272, 'Filandia', 4.6666667, -75.6333333, 63),
(15272, 'Firavitoba', 5.75, -72.9666667, 15),
(73275, 'Flandes', 4.25, -74.8333333, 73),
(18001, 'Florencia', 1.6175, -75.6175, 18),
(19290, 'Florencia', 1.6944444, -77.0758333, 19),
(15276, 'Floresta', 5.9166667, -72.9166667, 15),
(76275, 'Florida', 3.3275, -76.2386111, 76),
(68276, 'Floridablanca', 7.0647222, -73.0897222, 68),
(68271, 'Florián', 5.8047222, -73.9741667, 68),
(44279, 'Fonseca', 10.8333333, -72.8333333, 44),
(81300, 'Fortúl', 6.7461111, -71.8566667, 81),
(25281, 'Fosca', 4.3333333, -73.9166667, 25),
(52520, 'Francisco Pizarro', 2.1019444, -78.7216667, 52),
(5282, 'Fredonia', 5.9166667, -75.6666667, 5),
(73283, 'Fresno', 5.1666667, -75.0833333, 73),
(5284, 'Frontino', 6.6666667, -76.3333333, 5),
(50287, 'Fuente de Oro', 3.4594444, -73.6127778, 50),
(47288, 'Fundación', 10.4166667, -73.9166667, 47),
(52287, 'Funes', 0.95, -77.3333333, 52),
(25286, 'Funza', 4.7833333, -74.2, 25),
(25290, 'Fusagasugá', 4.4166667, -74.4, 25),
(25279, 'Fómeque', 4.5833333, -73.8333333, 25),
(25288, 'Fúquene', 5.4166667, -73.8, 25),
(25293, 'Gachalá', 4.6666667, -73.5, 25),
(25295, 'Gachancipá', 5.0833333, -73.8833333, 25),
(15293, 'Gachantivá', 5.75, -73.5, 15),
(25297, 'Gachetá', 4.9166667, -73.6666667, 25),
(8296, 'Galapa', 10.9166667, -74.8333333, 8),
(70235, 'Galeras (Nueva Granada)', 9.1630556, -75.0525, 70),
(68296, 'Galán', 6.7, -73.3, 68),
(25299, 'Gama', 4.75, -73.6, 25),
(20295, 'Gamarra', 8.3333333, -73.6666667, 20),
(15299, 'Garagoa', 5.1333333, -73.3, 15),
(41298, 'Garzón', 2.25, -75.5833333, 41),
(41306, 'Gigante', 2.5, -75.5, 41),
(76306, 'Ginebra', 3.75, -76.1666667, 76),
(5306, 'Giraldo', 6.6666667, -75.9166667, 5),
(25307, 'Girardot', 4.3030556, -74.8008333, 25),
(5308, 'Girardota', 6.4166667, -75.45, 5),
(68306, 'Girón', 7.0708333, -73.1730556, 68),
(20310, 'Gonzalez', 8.4, -73.3333333, 20),
(54313, 'Gramalote', 7.9166667, -72.75, 54),
(5313, 'Granada', 6.1666667, -75.1333333, 5),
(25312, 'Granada', 5.0666667, -74.5666667, 25),
(50313, 'Granada', 3.5386111, -73.7005556, 50),
(68318, 'Guaca', 7, -72.7666667, 68),
(15317, 'Guacamayas', 6.5, -72.5, 15),
(76318, 'Guacarí', 3.7694444, -76.3380556, 76),
(52699, 'Guachavés', 1.2247222, -77.68, 52),
(19300, 'Guachené', 3.1333333, -76.3833333, 19),
(25317, 'Guachetá', 5.4166667, -73.7, 25),
(52317, 'Guachucal', 1, -77.75, 52),
(5315, 'Guadalupe', 6.8175, -75.2441667, 5),
(41319, 'Guadalupe', 2.0833333, -75.6666667, 41),
(68320, 'Guadalupe', 6.3, -73.3333333, 68),
(25320, 'Guaduas', 5.25, -74.6666667, 25),
(52320, 'Guaitarilla', 1.15, -77.5, 52),
(52323, 'Gualmatán', 0.8333333, -77.5833333, 52),
(47318, 'Guamal', 9.25, -74.1666667, 47),
(50318, 'Guamal', 3.9166667, -74, 50),
(73319, 'Guamo', 4.0833333, -74.9166667, 73),
(68322, 'Guapota', 6.3833333, -73.25, 68),
(19318, 'Guapí', 2.4166667, -77.6, 19),
(70265, 'Guaranda', 8.4697222, -75.5383333, 70),
(5318, 'Guarne', 6.25, -75.4166667, 5),
(25322, 'Guasca', 4.8333333, -73.8333333, 25),
(5321, 'Guatapé', 6.25, -75.1666667, 5),
(25324, 'Guataquí', 4.5833333, -74.8, 25),
(25326, 'Guatavita', 4.9666667, -73.75, 25),
(15322, 'Guateque', 5.0833333, -73.5, 15),
(68324, 'Guavatá', 6, -73.65, 68),
(25328, 'Guayabal de Siquima', 4.8813889, -74.4702778, 25),
(25335, 'Guayabetal', 4.2163889, -73.8133333, 25),
(15325, 'Guayatá', 5, -73.5, 15),
(68327, 'Guepsa', 6.0833333, -73.5, 68),
(15332, 'Guicán', 6.75, -72.1666667, 15),
(25339, 'Gutiérrez', 4.25, -74, 25),
(66318, 'Guática', 5.3333333, -75.8333333, 66),
(68298, 'Gámbita', 6, -73.25, 68),
(15296, 'Gámeza', 5.85, -72.75, 15),
(63302, 'Génova', 4.25, -75.6666667, 63),
(5310, 'Gómez Plata', 6.75, -75.8333333, 5),
(54344, 'Hacarí', 8.5, -73.0833333, 54),
(13300, 'Hatillo de Loba', 8.9586111, -74.0808333, 13),
(68344, 'Hato', 6.5833333, -73.3333333, 68),
(85125, 'Hato Corozal', 6.1555556, -71.7655556, 85),
(44378, 'Hatonuevo', 11.0694444, -72.7669444, 44),
(5347, 'Heliconia', 6.2333333, -75.75, 5),
(54347, 'Herrán', 7.5, -72.4666667, 54),
(73347, 'Herveo', 5.0833333, -75.1666667, 73),
(5353, 'Hispania', 5.8025, -75.9116667, 5),
(41349, 'Hobo', 2.5833333, -75.5, 41),
(73349, 'Honda', 5.25, -74.8333333, 73),
(73001, 'Ibagué', 4.4388889, -75.2322222, 73),
(73352, 'Icononzo', 4.1666667, -74.55, 73),
(52352, 'Iles', 0.95, -77.5333333, 52),
(52354, 'Imúes', 1.05, -77.5, 52),
(19355, 'Inzá', 2.6666667, -76.0833333, 19),
(94001, 'Inírida', 3.8652778, -67.9238889, 94),
(52356, 'Ipiales', 0.8302778, -77.6444444, 52),
(41359, 'Isnos', 2.0833333, -76.25, 41),
(27361, 'Istmina', 5.1588889, -76.6916667, 27),
(5360, 'Itagüí', 6.1719444, -75.6113889, 5),
(5361, 'Ituango', 7.25, -76, 5),
(15362, 'Izá', 5.6666667, -72.9166667, 15),
(19364, 'Jambaló', 2.85, -76.3166667, 19),
(76364, 'Jamundí', 3.1666667, -76.5833333, 76),
(5364, 'Jardín', 5.5833333, -75.8333333, 5),
(15367, 'Jenesano', 5.3888889, -73.3680556, 15),
(5368, 'Jericó', 5.75, -75.75, 5),
(15368, 'Jericó', 6.2, -72.5833333, 15),
(25368, 'Jerusalén', 4.6666667, -74.6666667, 25),
(68368, 'Jesús María', 5.9166667, -73.8333333, 68),
(68370, 'Jordán', 6.75, -73.0666667, 68),
(8132, 'Juan de Acosta', 10.8333333, -75.0333333, 8),
(25372, 'Junín', 4.75, -73.6666667, 25),
(27372, 'Juradó', 7, -77.6666667, 27),
(23350, 'La Apartada y La Frontera', 7, -77.6666667, 23),
(41378, 'La Argentina', 2.25, -76.1666667, 41),
(68377, 'La Belleza', 5.8613889, -73.9683333, 68),
(25377, 'La Calera', 4.75, -73.9166667, 25),
(15380, 'La Capilla', 5.15, -73.45, 15),
(5376, 'La Ceja', 6, -75.4166667, 5),
(66383, 'La Celia', 4.9666667, -76, 66),
(52378, 'La Cruz', 1.55, -76.8833333, 52),
(76677, 'La Cumbre', 3.6666667, -76.5833333, 76),
(17380, 'La Dorada', 5.5333333, -74.7, 17),
(54385, 'La Esperanza', 8.1666667, -72.4666667, 54),
(5380, 'La Estrella', 6.1666667, -75.6666667, 5),
(52381, 'La Florida', 1.25, -77.4166667, 52),
(20383, 'La Gloria', 8.5833333, -73.5833333, 20),
(20400, 'La Jagua de Ibirico', 9.5641667, -73.3375, 20),
(44420, 'La Jagua del Pilar', 10.5166667, -73.0833333, 44),
(52385, 'La Llanada', 1.4777778, -77.5838889, 52),
(50350, 'La Macarena', 2.8536111, -73.9436111, 50),
(17388, 'La Merced', 5.4019444, -75.8847222, 17),
(25386, 'La Mesa', 4.6666667, -74.5, 25),
(18410, 'La Montañita', 1.5833333, -75.25, 18),
(25394, 'La Palma', 5.4166667, -74.4166667, 25),
(68397, 'La Paz', 6.25, -73.4666667, 68),
(20621, 'La Paz (Robles)', 10.1666667, -73.25, 20),
(25398, 'La Peña', 5.25, -74.4166667, 25),
(5390, 'La Pintada', 5.75, -75.6, 5),
(41396, 'La Plata', 2.4166667, -76.1666667, 41),
(54398, 'La Playa', 8.25, -73.1666667, 54),
(99524, 'La Primavera', 5.4905556, -70.4091667, 99),
(85136, 'La Salina', 6.1852778, -72.3444444, 85),
(19392, 'La Sierra', 2.25, -76.8333333, 19),
(63401, 'La Tebaida', 4.45, -75.8, 63),
(52390, 'La Tola', 2.4108333, -78.2427778, 52),
(5400, 'La Unión', 5.9166667, -75.3333333, 5),
(52399, 'La Unión', 1.5833333, -77.0833333, 52),
(70400, 'La Unión', 8.8605556, -75.2805556, 70),
(76400, 'La Unión', 4.5358333, -76.1066667, 76),
(15403, 'La Uvita', 6.3333333, -72.5, 15),
(19397, 'La Vega', 2.0833333, -76.8333333, 19),
(25402, 'La Vega', 5, -74.35, 25),
(15401, 'La Victoria', 5.5258333, -74.2361111, 15),
(17867, 'La Victoria', 4.5238889, -76.0411111, 17),
(76403, 'La Victoria', 4.5238889, -76.0411111, 76),
(66400, 'La Virginia', 4.9166667, -75.8333333, 66),
(54377, 'Labateca', 7.3333333, -72.5, 54),
(15377, 'Labranzagrande', 5.5833333, -72.5833333, 15),
(68385, 'Landázuri', 6.2238889, -73.8127778, 68),
(68406, 'Lebrija', 7.4166667, -73.4166667, 68),
(52405, 'Leiva', 1.9375, -77.3080556, 52),
(50400, 'Lejanías', 3.5136111, -74.0516667, 50),
(25407, 'Lenguazaque', 5.3333333, -73.6666667, 25),
(91001, 'Leticia', -4.2152778, -69.9405556, 91),
(5411, 'Liborina', 6.75, -75.75, 5),
(52411, 'Linares', 1.3833333, -77.45, 52),
(27413, 'Lloró', 5.5833333, -76.4166667, 27),
(23417, 'Lorica', 9.1666667, -75.8333333, 23),
(23419, 'Los Córdobas', 8.9, -76.3597222, 23),
(70418, 'Los Palmitos', 9.3811111, -75.2713889, 70),
(54405, 'Los Patios', 7.8383333, -72.5133333, 54),
(68418, 'Los Santos', 6.9166667, -73.0833333, 68),
(54418, 'Lourdes', 7.9666667, -72.8333333, 54),
(8421, 'Luruaco', 10.6141667, -75.1461111, 8),
(73408, 'Lérida', 4.9166667, -74.9166667, 73),
(73411, 'Líbano', 4.9166667, -75.1666667, 73),
(19418, 'López (Micay)', 2.4333333, -76.8, 19),
(15425, 'Macanal', 4.9166667, -73.25, 15),
(68425, 'Macaravita', 6.5833333, -72.5333333, 68),
(5425, 'Maceo', 6.5, -74.75, 5),
(25426, 'Machetá', 5.0833333, -73.6166667, 25),
(25430, 'Madrid', 4.8333333, -74.3, 25),
(13430, 'Magangué', 9.2413889, -74.7533333, 13),
(52427, 'Magüi (Payán)', 1.9166667, -77.8333333, 52),
(13433, 'Mahates', 10.1666667, -75.1666667, 13),
(44430, 'Maicao', 11.3841667, -72.2441667, 44),
(70429, 'Majagual', 8.5, -74.6666667, 70),
(8433, 'Malambo', 10.8588889, -74.7730556, 8),
(52435, 'Mallama (Piedrancha)', 1.0833333, -77.8166667, 52),
(8436, 'Manatí', 10.5, -75, 8),
(44560, 'Manaure', 11.7791667, -72.4494444, 44),
(20443, 'Manaure Balcón del Cesar', 10.3927778, -73.0325, 20),
(17001, 'Manizales', 5.07, -75.5205556, 17),
(25436, 'Manta', 5.0833333, -73.5833333, 25),
(17433, 'Manzanares', 5.25, -75.1666667, 17),
(85139, 'Maní', 4.8333333, -72.3333333, 85),
(50325, 'Mapiripan', 2.8911111, -72.1322222, 50),
(13440, 'Margarita', 9.0833333, -74.2, 13),
(5440, 'Marinilla', 6.2, -75.3, 5),
(15442, 'Maripí', 5.5833333, -74, 15),
(73443, 'Mariquita', 5.25, -74.9166667, 73),
(17442, 'Marmato', 5.5, -75.5833333, 17),
(17444, 'Marquetalia', 5.3333333, -75, 17),
(66440, 'Marsella', 4.9166667, -75.75, 66),
(17446, 'Marulanda', 5.3333333, -75.25, 17),
(13442, 'María la Baja', 10, -75.3333333, 13),
(68444, 'Matanza', 7.4166667, -73.0833333, 68),
(5001, 'Medellín', 6.2913889, -75.5361111, 5),
(25438, 'Medina', 4.5, -73.3333333, 25),
(27425, 'Medio Atrato', 4.5, -73.3333333, 27),
(27430, 'Medio Baudó', 4.5, -73.3333333, 27),
(27450, 'Medio San Juan (ANDAGOYA)', 5.1, -76.683, 27),
(73449, 'Melgar', 4.25, -74.5833333, 73),
(19450, 'Mercaderes', 1.75, -77.1666667, 19),
(50330, 'Mesetas', 3.3780556, -74.0447222, 50),
(18460, 'Milán', 1.3483333, -75.5116667, 18),
(15455, 'Miraflores', 5.25, -73.1666667, 15),
(95200, 'Miraflores', 1.3366667, -71.9511111, 95),
(19455, 'Miranda', 3.25, -76.25, 19),
(66456, 'Mistrató', 5.4166667, -76, 66),
(97001, 'Mitú', 1.1983333, -70.1733333, 97),
(86001, 'Mocoa', 1.1488889, -76.6477778, 86),
(68464, 'Mogotes', 6.5833333, -72.9166667, 68),
(68468, 'Molagavita', 6.75, -72.75, 68),
(23464, 'Momil', 9.2372222, -75.6780556, 23),
(13468, 'Mompós', 9.25, -74.5833333, 13),
(15464, 'Mongua', 5.8333333, -72.6666667, 15),
(15466, 'Monguí', 5.75, -72.8333333, 15),
(15469, 'Moniquirá', 5.9166667, -73.5, 15),
(5467, 'Montebello', 5.9166667, -75.5, 5),
(13458, 'Montecristo', 8.2994444, -74.4755556, 13),
(23466, 'Montelíbano', 7.75, -75.6666667, 23),
(63470, 'Montenegro', 4.5, -75.8, 63),
(23001, 'Monteria', 8.7575, -75.89, 23),
(85162, 'Monterrey', 4.9166667, -72.8333333, 85),
(13473, 'Morales', 8.4166667, -74, 13),
(19473, 'Morales', 2.8, -76.6666667, 19),
(18479, 'Morelia', 1.4875, -75.725, 18),
(70473, 'Morroa', 9.4166667, -75.3333333, 70),
(25473, 'Mosquera', 4.75, -74.3333333, 25),
(52473, 'Mosquera', 2.35, -78.35, 52),
(15476, 'Motavita', 5.5797222, -73.3713889, 15),
(23500, 'Moñitos', 8.25, -76.05, 23),
(73461, 'Murillo', 4.8769444, -75.1738889, 73),
(5475, 'Murindó', 6.8, -76.8, 5),
(5480, 'Mutatá', 7.3333333, -76.5, 5),
(54480, 'Mutiscua', 7.3333333, -72.7166667, 54),
(15480, 'Muzo', 5.5166667, -74.1166667, 15),
(68432, 'Málaga', 6.7833333, -72.6666667, 68),
(5483, 'Nariño', 5.6, -75.1666667, 5),
(25483, 'Nariño', 4.45, -74.8, 25),
(52480, 'Nariño', 1.5, -78, 52),
(73483, 'Natagaima', 3.5833333, -75.0833333, 73),
(5495, 'Nechí', 8.0963889, -74.7758333, 5),
(5490, 'Necoclí', 8.4238889, -76.7911111, 5),
(17486, 'Neira', 5.1666667, -75.5, 17),
(41001, 'Neiva', 2.9305556, -75.3302778, 41),
(25486, 'Nemocón', 5.1333333, -73.9, 25),
(25488, 'Nilo', 4.3333333, -74.5833333, 25),
(25489, 'Nimaima', 5.2, -74.4166667, 25),
(15491, 'Nobsa', 5.8333333, -72.9166667, 15),
(25491, 'Nocaima', 5.1166667, -74.4166667, 25),
(17495, 'Norcasia', 5.5666667, -74.8833333, 17),
(13490, 'Norosí', 8.5333333, -74.0333333, 13),
(27491, 'Novita', 4.9166667, -76.5833333, 27),
(47460, 'Nueva Granada', 9.8030556, -74.3902778, 47),
(15494, 'Nuevo Colón', 5.4166667, -73.4166667, 15),
(85225, 'Nunchía', 5.6405556, -72.1986111, 85),
(27495, 'Nuquí', 6, -77.3333333, 27),
(41483, 'Nátaga', 2.65, -75.8, 41),
(76497, 'Obando', 4.5833333, -75.9166667, 76),
(68498, 'Ocamonte', 6.4166667, -73.0833333, 68),
(54498, 'Ocaña', 8.25, -73.3, 54),
(68500, 'Oiba', 6.3, -73.25, 68),
(15500, 'Oicatá', 5.6, -73.3166667, 15),
(5501, 'Olaya', 6.6666667, -75.75, 5),
(52490, 'Olaya Herrera', 1.2666667, -77.4833333, 52),
(68502, 'Onzaga', 6.3333333, -72.75, 68),
(41503, 'Oporapa', 2.0833333, -76.0166667, 41),
(86320, 'Orito', 0.6966667, -76.8747222, 86),
(85230, 'Orocué', 4.7941667, -71.34, 85),
(73504, 'Ortega', 3.9166667, -75.25, 73),
(52506, 'Ospina', 1.0333333, -77.55, 52),
(15507, 'Otanche', 5.75, -74.25, 15),
(70508, 'Ovejas', 9.5, -75.1666667, 70),
(15511, 'Pachavita', 5.1333333, -73.4, 15),
(25513, 'Pacho', 5.25, -74.1666667, 25),
(19513, 'Padilla', 3.0666667, -76.3166667, 19),
(41518, 'Paicol', 2.45, -75.75, 41),
(20517, 'Pailitas', 8.9661111, -73.6316667, 20),
(25518, 'Paime', 5.4166667, -74.1666667, 25),
(15516, 'Paipa', 5.8333333, -73.1, 15),
(15518, 'Pajarito', 5.4166667, -72.6666667, 15),
(41524, 'Palermo', 3, -75.5, 41),
(17524, 'Palestina', 5.0833333, -75.6666667, 17),
(41530, 'Palestina', 1.75, -76.0666667, 41),
(68522, 'Palmar', 6.5833333, -73.25, 68),
(8520, 'Palmar de Varela', 10.7466667, -74.7555556, 8),
(68524, 'Palmas del Socorro', 6.45, -73.25, 68),
(76520, 'Palmira', 3.5394444, -76.3036111, 76),
(70523, 'Palmito', 9.3333333, -75.55, 70),
(73520, 'Palocabildo', 5.1333333, -75.0333333, 73),
(54518, 'Pamplona', 7.3780556, -72.6525, 54),
(54520, 'Pamplonita', 7.5, -72.5833333, 54),
(25524, 'Pandi', 4.25, -74.5, 25),
(15522, 'Panqueba', 6.5, -72.4166667, 15),
(25530, 'Paratebueno', 4.3730556, -73.2213889, 25),
(25535, 'Pasca', 4.3333333, -74.2833333, 25),
(19532, 'Patía (El Bordo)', 2.1155556, -76.9891667, 19),
(15531, 'Pauna', 5.75, -73.9166667, 15),
(15532, 'Paya', 5.6666667, -72.3816667, 15),
(85250, 'Paz de Ariporo', 5.8833333, -71.9, 85),
(15537, 'Paz de Río', 6.0833333, -72.75, 15),
(47441, 'Pedraza', 10.1666667, -74.75, 47),
(20550, 'Pelaya', 8.6916667, -73.6663889, 20),
(17541, 'Pensilvania', 5.5, -75.0833333, 17),
(5543, 'Peque', 7, -75.8333333, 5),
(66001, 'Pereira', 4.8133333, -75.6961111, 66),
(15542, 'Pesca', 5.5833333, -73.05, 15),
(5541, 'Peñol', 6.25, -75.25, 5),
(19533, 'Piamonte', 7.7833333, -75.2, 19),
(68547, 'Pie de Cuesta', 5.8383333, -74.0366667, 68),
(73547, 'Piedras', 4.5, -74.9166667, 73),
(19548, 'Piendamó', 2.75, -76.5, 19),
(63548, 'Pijao', 4.3333333, -75.6666667, 63),
(47545, 'Pijiño', 9.3302778, -74.4497222, 47),
(68549, 'Pinchote', 6.5833333, -73.1666667, 68),
(13549, 'Pinillos', 8.9172222, -74.4663889, 13),
(8549, 'Piojo', 10.75, -75.1333333, 8),
(15550, 'Pisva', 5.7427778, -72.4894444, 15),
(41548, 'Pital', 2.3333333, -75.8333333, 41),
(41551, 'Pitalito', 1.75, -76.1666667, 41),
(47551, 'Pivijay', 10.4166667, -74.3333333, 47),
(73555, 'Planadas', 3.25, -75.75, 73),
(23555, 'Planeta Rica', 8.3333333, -75.5833333, 23),
(47555, 'Plato', 9.8333333, -74.3333333, 47),
(52540, 'Policarpa', 1.6316667, -77.4616667, 52),
(8558, 'Polonuevo', 10.75, -74.7833333, 8),
(8560, 'Ponedera', 10.6436111, -74.7544444, 8),
(19001, 'Popayán', 3.2775, -75.6213889, 19),
(85263, 'Pore', 5.6708333, -71.93, 85),
(52560, 'Potosí', 0.75, -77.4166667, 52),
(76563, 'Pradera', 3.4211111, -76.2447222, 76),
(73563, 'Prado', 3.75, -74.8333333, 73),
(52565, 'Providencia', 1.5702778, -77.4694444, 52),
(88564, 'Providencia', 12.5, -81.75, 88),
(20570, 'Pueblo Bello', 10.3666667, -73.6333333, 20),
(23570, 'Pueblo Nuevo', 8.2333333, -74.9666667, 23),
(66572, 'Pueblo Rico', 5.25, -76.1666667, 66),
(5576, 'Pueblorrico', 5.8, -75.85, 5),
(47570, 'Puebloviejo', 10.9833333, -74.3333333, 47),
(68572, 'Puente Nacional', 5.9166667, -73.5833333, 68),
(52573, 'Puerres', 0.9166667, -77.25, 52),
(86568, 'Puerto Asís', 0.5158333, -76.495, 86),
(5579, 'Puerto Berrío', 6.4166667, -74.5, 5),
(15572, 'Puerto Boyacá', 5.9780556, -74.5897222, 15),
(86569, 'Puerto Caicedo', 0.6838889, -76.5858333, 86),
(99001, 'Puerto Carreño', 6.1877778, -67.4730556, 99),
(8573, 'Puerto Colombia', 11.0166667, -74.8833333, 8),
(50450, 'Puerto Concordia', 2.6794444, -72.7608333, 50),
(23574, 'Puerto Escondido', 8.95, -76.25, 23),
(50568, 'Puerto Gaitán', 4.3141667, -72.0825, 50),
(86571, 'Puerto Guzmán', 0.9702778, -76.5858333, 86),
(86573, 'Puerto Leguízamo', -0.2, -74.7666667, 86),
(23580, 'Puerto Libertador', 4.6, -74.1166667, 23),
(50577, 'Puerto Lleras', 3, -72.5, 50),
(50573, 'Puerto López', 4.0833333, -72.9666667, 50),
(5585, 'Puerto Nare', 6.1916667, -74.5866667, 5),
(91540, 'Puerto Nariño', -3.7702778, -70.3830556, 91),
(68573, 'Puerto Parra', 6.6516667, -74.0608333, 68),
(18592, 'Puerto Rico', 1.9141667, -75.145, 18),
(50590, 'Puerto Rico', 2.9383333, -73.2083333, 50),
(81591, 'Puerto Rondón', 6.2780556, -71.1, 81),
(25572, 'Puerto Salgar', 5.5, -74.5833333, 25),
(54553, 'Puerto Santander', 8.3636111, -72.4075, 54),
(19573, 'Puerto Tejada', 3.25, -76.4166667, 19),
(5591, 'Puerto Triunfo', 5.8708333, -74.6455556, 5),
(68575, 'Puerto Wilches', 7.5833333, -73.6666667, 68),
(25580, 'Pulí', 4.75, -74.6666667, 25),
(52585, 'Pupiales', 0.9166667, -77.6666667, 52),
(19585, 'Puracé (Coconuco)', 2.3480556, -76.5008333, 19),
(73585, 'Purificación', 3.9166667, -74.9166667, 73),
(23586, 'Purísima', 9.3, -75.6666667, 23),
(17513, 'Pácora', 5.5, -75.5, 17),
(15514, 'Páez', 5.1044444, -73.0555556, 15),
(19517, 'Páez (Belalcazar)', 5.1044444, -73.0555556, 19),
(68533, 'Páramo', 6.5, -73.1333333, 68),
(25592, 'Quebradanegra', 5.15, -74.5, 25),
(25594, 'Quetame', 4.3333333, -73.8333333, 25),
(27001, 'Quibdó', 5.6947222, -76.6611111, 27),
(63594, 'Quimbaya', 4.6333333, -75.75, 63),
(66594, 'Quinchía', 5.3333333, -75.6666667, 66),
(15580, 'Quipama', 5.5222222, -74.1808333, 15),
(25596, 'Quipile', 4.75, -74.5833333, 25),
(54599, 'Ragonvalia', 7.5833333, -72.5, 54),
(15599, 'Ramiriquí', 5.4166667, -73.3333333, 15),
(85279, 'Recetor', 5.3333333, -72.75, 85),
(13580, 'Regidor', 8.6666667, -73.8333333, 13),
(5604, 'Remedios', 7, -74.4166667, 5),
(47605, 'Remolino', 10.6666667, -74.5833333, 47),
(8606, 'Repelón', 10.55, -75.1333333, 8),
(50606, 'Restrepo', 4.1666667, -73.4166667, 50),
(76606, 'Restrepo', 3.7833333, -76.5, 76),
(5607, 'Retiro', 6.0833333, -75.5, 5),
(25612, 'Ricaurte', 4.2797222, -74.7761111, 25),
(52612, 'Ricaurte', 1.1666667, -78.1666667, 52),
(68615, 'Rio Negro', 7.2191667, -73.1558333, 68),
(73616, 'Rioblanco', 3.5, -75.8333333, 73),
(76616, 'Riofrío', 4.0833333, -76.3333333, 76),
(44001, 'Riohacha', 11.5444444, -72.9072222, 44),
(17616, 'Risaralda', 5.1666667, -75.75, 17),
(41615, 'Rivera', 2.8333333, -75.1666667, 41),
(52621, 'Roberto Payán (San José)', 1.9166667, -78.3333333, 52),
(76622, 'Roldanillo', 4.4147222, -76.1547222, 76),
(73622, 'Roncesvalles', 4.0833333, -75.5833333, 73),
(15621, 'Rondón', 5.4166667, -73.1666667, 15),
(19622, 'Rosas', 2.3333333, -76.75, 19),
(73624, 'Rovira', 4.25, -75.3333333, 73),
(15600, 'Ráquira', 5.6166667, -73.6333333, 15),
(27580, 'Río Iró', 5.1, -76.6666667, 27),
(27600, 'Río Quito', 5.7, -76.6666667, 27),
(17614, 'Río Sucio', 5.3791667, -75.6161111, 17),
(13600, 'Río Viejo', 8.59, -73.8436111, 13),
(20614, 'Río de oro', 8, -73.5, 20),
(5615, 'Ríonegro', 6.1666667, -75.4166667, 5),
(27615, 'Ríosucio', 7.4166667, -77.1666667, 27),
(68655, 'Sabana de Torres', 7.3980556, -73.4969444, 68),
(8634, 'Sabanagrande', 10.8, -74.75, 8),
(5628, 'Sabanalarga', 6.9166667, -75.8, 5),
(8638, 'Sabanalarga', 10.6333333, -74.8333333, 8),
(85300, 'Sabanalarga', 4.8536111, -73.0430556, 85),
(47660, 'Sabanas de San Angel (SAN ANGEL)', 10.033, -74.217, 47),
(5631, 'Sabaneta', 6.15, -75.6, 5),
(15632, 'Saboyá', 5.75, -73.7, 15),
(23660, 'Sahagún', 8.8333333, -75.4166667, 23),
(41660, 'Saladoblanco', 2.0144444, -76.0502778, 41),
(17653, 'Salamina', 5.4166667, -75.4166667, 17),
(47675, 'Salamina', 10.5, -74.7, 47),
(54660, 'Salazar', 7.8, -72.8333333, 54),
(73671, 'Saldaña', 3.9347222, -75.0202778, 73),
(63690, 'Salento', 4.6666667, -75.5, 63),
(5642, 'Salgar', 6, -76, 5),
(15646, 'Samacá', 5.5, -73.5, 15),
(52678, 'Samaniego', 1.4166667, -77.6666667, 52),
(17662, 'Samaná', 5.5833333, -74.9166667, 17),
(70670, 'Sampués', 9.1666667, -75.3, 70),
(41668, 'San Agustín', 1.9166667, -76.3333333, 41),
(20710, 'San Alberto', 7.7525, -73.3891667, 20),
(68669, 'San Andrés', 6.8333333, -72.75, 68),
(23670, 'San Andrés Sotavento', 9.1666667, -75.55, 23),
(5647, 'San Andrés de Cuerquía', 6.917, -75.667, 5),
(23672, 'San Antero', 9.35, -75.75, 23),
(73675, 'San Antonio', 3.9166667, -75.5, 73),
(25645, 'San Antonio de Tequendama', 4.1333333, -74.5, 25),
(68673, 'San Benito', 6.1666667, -73.4666667, 68),
(70678, 'San Benito Abad', 8.75, -74.9166667, 70),
(25649, 'San Bernardo', 4.2, -74.3333333, 25),
(52685, 'San Bernardo', 1.5163889, -77.0466667, 52),
(23675, 'San Bernardo del Viento', 9.25, -76, 23),
(54670, 'San Calixto', 8.75, -73.0333333, 54),
(5649, 'San Carlos', 6.2, -74.9166667, 5),
(23678, 'San Carlos', 8.7, -75.7, 23),
(50680, 'San Carlos de Guaroa', 3.7122222, -73.2436111, 50),
(25653, 'San Cayetano', 5.3333333, -74.0833333, 25),
(54673, 'San Cayetano', 7.8833333, -72.5833333, 54),
(13620, 'San Cristobal', 9.8833333, -75.25, 13),
(20750, 'San Diego', 10.3375, -73.1825, 20),
(15660, 'San Eduardo', 5.2166667, -73.1333333, 15),
(13647, 'San Estanislao', 10.3983333, -75.1511111, 13),
(13650, 'San Fernando', 9.0833333, -74.3333333, 13),
(5652, 'San Francisco', 6.1166667, -75.9833333, 5),
(25658, 'San Francisco', 5, -74.2833333, 25),
(86755, 'San Francisco', 1.1772222, -76.8830556, 86),
(68679, 'San Gíl', 6.5833333, -73.0833333, 68),
(13654, 'San Jacinto', 9.8333333, -75.0833333, 13),
(13655, 'San Jacinto del Cauca', 9.8316667, -75.1263889, 13),
(5656, 'San Jerónimo', 6.45, -75.7, 5),
(68682, 'San Joaquín', 6.4333333, -72.8666667, 68),
(17665, 'San José', 5.0858333, -75.7883333, 17),
(68686, 'San José de Miranda', 6.7, -72.6666667, 68),
(5658, 'San José de Montaña', 6.8502778, -75.6833333, 5),
(15664, 'San José de Pare', 6.0833333, -73.4666667, 15),
(23682, 'San José de Uré', 7.767, -75.517, 23),
(18610, 'San José del Fragua', 1.3611111, -75.9883333, 18),
(95001, 'San José del Guaviare', 2.5683333, -72.6416667, 95),
(27660, 'San José del Palmar', 4.9166667, -76.25, 27),
(50683, 'San Juan de Arama', 3.3463889, -73.8894444, 50),
(70702, 'San Juan de Betulia', 9.2755556, -75.2455556, 70),
(13657, 'San Juan de Nepomuceno', 9.9566667, -75.0866667, 13),
(52001, 'San Juan de Pasto', 1.214670737, -77.27864742, 52),
(25662, 'San Juan de Río Seco', 4.9166667, -74.6666667, 25),
(5659, 'San Juan de Urabá', 8.7630556, -76.53, 5),
(44650, 'San Juan del Cesar', 10.8333333, -73.0833333, 44),
(50686, 'San Juanito', 4.4586111, -73.6730556, 50),
(52687, 'San Lorenzo', 1.5, -77.1666667, 52),
(73678, 'San Luis', 4.1666667, -75.0833333, 73),
(5660, 'San Luís', 6, -74.8333333, 5),
(15667, 'San Luís de Gaceno', 4.8213889, -73.1675, 15),
(85325, 'San Luís de Palenque', 5.2805556, -71.5819444, 85),
(70708, 'San Marcos', 8.5833333, -75.1666667, 70),
(20770, 'San Martín', 8.0047222, -73.5152778, 20),
(50689, 'San Martín', 3.7, -73.7, 50),
(13667, 'San Martín de Loba', 8.8333333, -73.9166667, 13),
(15673, 'San Mateo', 6.5, -72.5, 15),
(68684, 'San Miguel', 6.6666667, -72.55, 68),
(86757, 'San Miguel', 0.3394444, -76.8830556, 86),
(15676, 'San Miguel de Sema', 5.55, -73.75, 15),
(70713, 'San Onofre', 9.8333333, -75.5, 70),
(13670, 'San Pablo', 10.0527778, -75.2680556, 13),
(52693, 'San Pablo', 1.6666667, -76.9166667, 52),
(15681, 'San Pablo de Borbur', 5.75, -74.0833333, 15),
(5664, 'San Pedro', 6.45, -75.5833333, 5),
(70717, 'San Pedro', 9.4166667, -75, 70),
(76670, 'San Pedro', 4, -76.1666667, 76),
(52694, 'San Pedro de Cartago', 1.5613889, -77.1180556, 52),
(5665, 'San Pedro de Urabá', 8.2761111, -76.3786111, 5),
(23686, 'San Pelayo', 9, -75.9166667, 23),
(5667, 'San Rafael', 6.3, -75, 5),
(5670, 'San Roque', 6.4166667, -74.8333333, 5),
(19693, 'San Sebastián', 1.9166667, -76.6666667, 19),
(47692, 'San Sebastián de Buenavista', 9.3333333, -74.3333333, 47),
(5674, 'San Vicente', 6.3333333, -75.3333333, 5),
(18753, 'San Vicente del Caguán', 2.1525, -74.7888889, 18),
(68689, 'San Vicente del Chucurí', 6.8836111, -73.4138889, 68),
(47703, 'San Zenón', 9.3333333, -74.3, 47),
(52683, 'Sandoná', 1.25, -77.45, 52),
(47707, 'Santa Ana', 9.3166667, -74.5833333, 47),
(5679, 'Santa Bárbara', 5.8666667, -75.5833333, 5),
(68705, 'Santa Bárbara', 6.9927778, -72.9102778, 68),
(52695, 'Santa Bárbara (Iscuandé)', 2.3333333, -77.9166667, 52),
(47720, 'Santa Bárbara de Pinto', 10.6, -74.167, 47),
(13673, 'Santa Catalina', 10.5833333, -75.25, 13),
(5042, 'Santa Fé de Antioquia', 6.5597222, -75.8280556, 5),
(27250, 'Santa Genoveva de Docorodó', 4.2586111, -77.3675, 27),
(68720, 'Santa Helena del Opón', 6.3375, -73.5919444, 68),
(73686, 'Santa Isabel', 4.75, -75.1666667, 73),
(8675, 'Santa Lucía', 10.3286111, -74.9644444, 8),
(47001, 'Santa Marta', 11.2472222, -74.2016667, 47),
(15690, 'Santa María', 4.8616667, -73.2641667, 15),
(41676, 'Santa María', 3, -75.7, 41),
(13683, 'Santa Rosa', 10.45, -75.3333333, 13),
(19701, 'Santa Rosa', 1.5, -76.5, 19),
(66682, 'Santa Rosa de Cabal', 4.8680556, -75.6213889, 66),
(5686, 'Santa Rosa de Osos', 6.6666667, -75.4166667, 5),
(15693, 'Santa Rosa de Viterbo', 5.9166667, -73, 15),
(13688, 'Santa Rosa del Sur', 7.9644444, -74.0544444, 13),
(99624, 'Santa Rosalía', 5.1261111, -70.8758333, 99),
(15696, 'Santa Sofía', 5.75, -73.5833333, 15),
(15686, 'Santana', 6.0572222, -73.4822222, 15),
(19698, 'Santander de Quilichao', 3.0130556, -76.4866667, 19),
(54680, 'Santiago', 7.9166667, -72.6666667, 54),
(86760, 'Santiago', 1.1511111, -77.0075, 86),
(5690, 'Santo Domingo', 6.4722222, -75.1647222, 5),
(8685, 'Santo Tomás', 10.75, -74.8333333, 8),
(5697, 'Santuario', 6.1333333, -75.25, 5),
(66687, 'Santuario', 5.0833333, -76, 66),
(52720, 'Sapuyes', 1.0333333, -77.6, 52),
(81736, 'Saravena', 6.9205556, -71.8533333, 81),
(54720, 'Sardinata', 8.25, -72.75, 54),
(25718, 'Sasaima', 5, -74.45, 25),
(15720, 'Sativanorte', 6.1666667, -72.6666667, 15),
(15723, 'Sativasur', 6.1333333, -72.6666667, 15),
(5736, 'Segovia', 7.25, -74.75, 5),
(25736, 'Sesquilé', 5.0833333, -73.8333333, 25),
(76736, 'Sevilla', 4.2688889, -75.9361111, 76),
(15740, 'Siachoque', 5.5833333, -73.1666667, 15),
(25740, 'Sibaté', 4.4913889, -74.2605556, 25),
(86749, 'Sibundoy', 1.1833333, -76.9166667, 86),
(54743, 'Silos', 7.2, -72.75, 54),
(25743, 'Silvania', 4.5, -74.3333333, 25),
(19743, 'Silvia', 2.75, -76.3333333, 19),
(68745, 'Simacota', 6.4472222, -73.3413889, 68),
(25745, 'Simijaca', 5.5833333, -73.8333333, 25),
(13744, 'Simití', 7.5833333, -74.1666667, 13),
(70001, 'Sincelejo', 9.3047222, -75.3977778, 70),
(70742, 'Sincé', 9.1666667, -75, 70),
(27745, 'Sipí', 4.5833333, -76.5, 27),
(47745, 'Sitionuevo', 10.9166667, -74.5833333, 47),
(25754, 'Soacha', 4.5872222, -74.2213889, 25),
(15753, 'Soatá', 6.4166667, -72.6666667, 15),
(15757, 'Socha', 6, -72.6666667, 15),
(68755, 'Socorro', 6.5333333, -73.2, 68),
(15755, 'Socotá', 6.0833333, -72.5833333, 15),
(15759, 'Sogamoso', 5.7205556, -72.9297222, 15),
(18765, 'Solano', 0.7147222, -75.2486111, 18),
(8758, 'Soledad', 10.9172222, -74.7666667, 8),
(18785, 'Solita', 0.9, -75.623, 18),
(15761, 'Somondoco', 4.9877778, -73.4361111, 15),
(5756, 'Sonsón', 5.75, -75, 5),
(5761, 'Sopetrán', 6.5, -75.75, 5),
(13760, 'Soplaviento', 10.3333333, -75.1, 13),
(25758, 'Sopó', 4.9166667, -73.95, 25),
(15762, 'Sora', 5.5666667, -73.4333333, 15),
(15764, 'Soracá', 5.5, -73.3166667, 15),
(15763, 'Sotaquirá', 5.8333333, -73.25, 15),
(19760, 'Sotara (Paispamba)', 2.2566667, -76.6186111, 19),
(52418, 'Sotomayor (Los Andes)', 1.5155556, -77.495, 52),
(68770, 'Suaita', 6.1666667, -73.3, 68),
(8770, 'Suan', 10.3333333, -74.9166667, 8),
(41770, 'Suaza', 1.9166667, -75.8333333, 41),
(25769, 'Subachoque', 5, -74.1666667, 25),
(19785, 'Sucre', 2.0333333, -76.9166667, 19),
(68773, 'Sucre', 6.0833333, -73.9166667, 68),
(70771, 'Sucre', 9, -75, 70),
(25772, 'Suesca', 5.1666667, -73.8333333, 25),
(25777, 'Supatá', 5.0833333, -74.25, 25),
(17777, 'Supía', 5.5, -75.6333333, 17),
(68780, 'Suratá', 7.5, -72.9666667, 68),
(25779, 'Susa', 5.5, -73.8333333, 25),
(15774, 'Susacón', 6.2666667, -72.6666667, 15),
(15776, 'Sutamarchán', 5.6666667, -73.5833333, 15),
(25781, 'Sutatausa', 5.251, -73.856, 25),
(15778, 'Sutatenza', 5.0166667, -73.45, 15),
(19780, 'Suárez', 2.9588889, -76.6952778, 19),
(73770, 'Suárez', 4.0833333, -74.7833333, 73),
(85315, 'Sácama', 6.0833333, -72.0833333, 85),
(15638, 'Sáchica', 5.6666667, -73.5, 15),
(25785, 'Tabio', 5, -74.0833333, 25),
(27787, 'Tadó', 5.3333333, -76.4166667, 27),
(13780, 'Talaigua Nuevo', 9.3069444, -74.5686111, 13),
(20787, 'Tamalameque', 8.8333333, -73.5833333, 20),
(81794, 'Tame', 6.4641667, -71.7288889, 81),
(52786, 'Taminango', 1.5833333, -77.25, 52),
(52788, 'Tangua', 1.0833333, -77.3, 52),
(97666, 'Taraira', 0.4938889, -69.6669444, 97),
(5790, 'Tarazá', 7.5833333, -75.35, 5),
(41791, 'Tarqui', 2.1666667, -75.9166667, 41),
(5792, 'Tarso', 5.8333333, -75.8333333, 5),
(15790, 'Tasco', 5.9166667, -72.7, 15),
(85410, 'Tauramena', 5.0186111, -72.7552778, 85),
(25793, 'Tausa', 5.25, -73.9166667, 25),
(41799, 'Tello', 3.0833333, -75.0833333, 41),
(25797, 'Tena', 4.7, -74.4166667, 25),
(47798, 'Tenerife', 10, -74.6666667, 47),
(25799, 'Tenjo', 4.9166667, -74.1666667, 25),
(15798, 'Tenza', 5.15, -73.45, 15),
(54800, 'Teorama', 8.75, -73.1666667, 54),
(41801, 'Teruel', 2.9166667, -75.6666667, 41),
(41797, 'Tesalia', 2.6666667, -75.75, 41),
(25805, 'Tibacuy', 4.3833333, -74.5, 25),
(15804, 'Tibaná', 5.3333333, -73.3833333, 15),
(15806, 'Tibasosa', 5.8333333, -72.9666667, 15),
(25807, 'Tibirita', 5.1333333, -73.5333333, 25),
(54810, 'Tibú', 8.6480556, -72.7394444, 54),
(23807, 'Tierralta', 8.1736111, -76.0591667, 23),
(41807, 'Timaná', 2, -75.9166667, 41),
(19809, 'Timbiquí', 2.75, -77.5833333, 19),
(19807, 'Timbío', 2.4166667, -76.75, 19),
(15808, 'Tinjacá', 5.6333333, -73.65, 15),
(15810, 'Tipacoque', 6.4233333, -72.6952778, 15),
(13810, 'Tiquisio (Puerto Rico)', 8.5597222, -74.2669444, 13),
(5809, 'Titiribí', 6.0833333, -75.8, 5),
(15814, 'Toca', 5.6666667, -73.1666667, 15),
(25815, 'Tocaima', 4.5, -74.6666667, 25),
(25817, 'Tocancipá', 5, -73.9166667, 25),
(15816, 'Toguí', 5.95, -73.4166667, 15),
(5819, 'Toledo', 7, -75.7, 5),
(54820, 'Toledo', 7.3, -72.25, 54),
(70820, 'Tolú', 9.5, -75.5333333, 70),
(70823, 'Tolú Viejo', 9.5, -75.5333333, 70),
(68820, 'Tona', 7.25, -72.9, 68),
(15820, 'Topagá', 5.8333333, -72.8333333, 15),
(25823, 'Topaipí', 5.4166667, -74.3333333, 25),
(19821, 'Toribío', 3, -76.1666667, 19),
(76823, 'Toro', 4.6116667, -76.0813889, 76),
(15822, 'Tota', 5.5, -73, 15),
(19824, 'Totoró', 2.5833333, -76.3333333, 19),
(85430, 'Trinidad', 5.4305556, -71.6311111, 85),
(76828, 'Trujillo', 4.25, -76.3333333, 76),
(8832, 'Tubará', 10.9166667, -74.95, 8),
(23815, 'Tuchín', 9.1833333, -75.55, 23),
(76834, 'Tulúa', 4.0866667, -76.2, 76),
(52835, 'Tumaco', 1.7986111, -78.8155556, 52),
(15001, 'Tunja', 5.5352778, -73.3677778, 15),
(15832, 'Tunungua', 5.7333333, -73.9333333, 15),
(13836, 'Turbaco', 10.35, -75.3333333, 13),
(13838, 'Turbaná', 10.25, -75.4166667, 13),
(5837, 'Turbo', 8, -76.5833333, 5),
(15835, 'Turmequé', 5.3333333, -73.5, 15),
(15837, 'Tuta', 5.75, -73.1666667, 15),
(15839, 'Tutasá', 6.1666667, -72.8333333, 15),
(85400, 'Támara', 5.8297222, -72.1633333, 85),
(5789, 'Támesis', 5.6666667, -75.6666667, 5),
(52838, 'Túquerres', 1.1666667, -77.5833333, 52),
(25839, 'Ubalá', 4.8333333, -73.5, 25),
(25841, 'Ubaque', 4.5833333, -74, 25),
(25843, 'Ubaté', 5.35, -73.8333333, 25),
(76845, 'Ulloa', 4.7166667, -75.75, 76),
(25845, 'Une', 4.3333333, -74.0833333, 25),
(27800, 'Unguía', 8.0430556, -77.0961111, 27),
(27810, 'Unión Panamericana (ÁNIMAS)', 5.283, -76.617, 27),
(5842, 'Uramita', 6.8994444, -76.1741667, 5),
(50370, 'Uribe', 3.254, -74.358, 50),
(44847, 'Uribia', 11.9166667, -72, 44),
(5847, 'Urrao', 6.3333333, -76.4166667, 5),
(44855, 'Urumita', 10.5666667, -73.0166667, 44),
(8849, 'Usiacuri', 10.75, -74.9666667, 8),
(5854, 'Valdivia', 7.3333333, -75.3333333, 5),
(23855, 'Valencia', 8.3, -76.1666667, 23),
(68855, 'Valle de San José', 6.5, -73.0666667, 68),
(73854, 'Valle de San Juan', 4.25, -75.1666667, 73),
(86865, 'Valle del Guamuez', 0.4525, -76.9191667, 86),
(20001, 'Valledupar', 10.4769444, -73.2505556, 20),
(5856, 'Valparaiso', 5.6666667, -75.5833333, 5),
(18860, 'Valparaiso', 1.1991667, -75.7097222, 18),
(5858, 'Vegachí', 6.7730556, -74.8016667, 5),
(73861, 'Venadillo', 4.75, -74.9166667, 73),
(5861, 'Venecia', 5.9166667, -75.75, 5),
(25506, 'Venecia (Ospina Pérez)', 4.1333333, -74.5, 25),
(15861, 'Ventaquemada', 5.4166667, -73.5, 15),
(25862, 'Vergara', 5.1666667, -74.3333333, 25),
(76863, 'Versalles', 4.6666667, -76.25, 76),
(68867, 'Vetas', 7.3333333, -72.8666667, 68),
(25867, 'Viani', 4.9166667, -74.55, 25),
(5873, 'Vigía del Fuerte', 6.5919444, -76.8986111, 5),
(76869, 'Vijes', 3.6986111, -76.4491667, 76),
(54871, 'Villa Caro', 7.9169444, -72.9763889, 54),
(19845, 'Villa Rica', 2.5136111, -76.8477778, 19),
(15407, 'Villa de Leiva', 5.6333333, -73.5333333, 15),
(54874, 'Villa del Rosario', 7.8338889, -72.4741667, 54),
(86885, 'Villagarzón', 1.038, -76.627, 86),
(25871, 'Villagómez', 5.2761111, -74.1988889, 25),
(73870, 'Villahermosa', 5, -75.1666667, 73),
(17873, 'Villamaría', 5, -75.5, 17),
(13873, 'Villanueva', 10.45, -75.25, 13),
(44874, 'Villanueva', 10.5833333, -73, 44),
(68872, 'Villanueva', 6.6741667, -73.1777778, 68),
(85440, 'Villanueva', 5.2833333, -71.9666667, 85),
(25873, 'Villapinzón', 5.2833333, -73.5833333, 25),
(73873, 'Villarrica', 4, -74.5833333, 73),
(50001, 'Villavicencio', 4.1533333, -73.635, 50),
(41872, 'Villavieja', 3.3333333, -75.1666667, 41),
(25875, 'Villeta', 5.0833333, -74.5, 25),
(25878, 'Viotá', 4.5, -74.5, 25),
(15879, 'Viracachá', 5.5, -73.25, 15),
(50711, 'Vista Hermosa', 3.0863889, -73.7513889, 50),
(17877, 'Viterbo', 5.0833333, -75.8666667, 17),
(68861, 'Vélez', 6.0833333, -73.5833333, 68),
(25885, 'Yacopí', 5.6666667, -74.4166667, 25),
(52885, 'Yacuanquer', 1.0833333, -77.4166667, 52),
(41885, 'Yaguará', 2.6666667, -75.5833333, 41),
(5885, 'Yalí', 6.8333333, -74.75, 5),
(5887, 'Yarumal', 7, -75.5, 5),
(5890, 'Yolombó', 6.6666667, -75, 5),
(5893, 'Yondó (Casabe)', 7.0077778, -73.9141667, 5),
(85001, 'Yopal', 5.3394444, -72.3941667, 85),
(76890, 'Yotoco', 3.9166667, -76.3333333, 76),
(76892, 'Yumbo', 3.585, -76.4958333, 76),
(13894, 'Zambrano', 9.75, -74.8333333, 13),
(68895, 'Zapatoca', 6.8333333, -73.25, 68),
(47960, 'Zapayán (PUNTA DE PIEDRAS)', 10.171, -74.719, 47),
(5895, 'Zaragoza', 7.75, -74.75, 5),
(76895, 'Zarzal', 4.3983333, -76.0772222, 76),
(15897, 'Zetaquirá', 5.35, -73.1666667, 15),
(25888, 'Zipacón', 4.8333333, -74.4166667, 25),
(25899, 'Zipaquirá', 5.0283333, -74.0058333, 25),
(47980, 'Zona Bananera (PRADO - SEVILLA)', 5.0283333, -74.0058333, 47),
(54003, 'Ábrego', 8, -73.2, 54),
(41357, 'Íquira', 2.75, -75.75, 41),
(15842, 'Úmbita', 5.2333333, -73.45, 15),
(25851, 'Útica', 5.25, -74.5, 25);

-- --------------------------------------------------------

--
-- Estructura de tabla para la tabla `pais`
--

DROP TABLE IF EXISTS `pais`;
CREATE TABLE IF NOT EXISTS `pais` (
  `id` int(11) NOT NULL AUTO_INCREMENT,
  `nombre` varchar(255) NOT NULL,
  PRIMARY KEY (`id`)
) ENGINE=MyISAM AUTO_INCREMENT=2 DEFAULT CHARSET=latin1;

--
-- Volcado de datos para la tabla `pais`
--

INSERT INTO `pais` (`id`, `nombre`) VALUES
(1, 'Colombia');

-- --------------------------------------------------------

--
-- Estructura de tabla para la tabla `propietario`
--

DROP TABLE IF EXISTS `propietario`;
CREATE TABLE IF NOT EXISTS `propietario` (
  `id` int(11) NOT NULL AUTO_INCREMENT,
  `nombre` varchar(500) NOT NULL,
  `numero_identificacion` varchar(50) NOT NULL,
  `tipo_documento` varchar(100) NOT NULL,
  PRIMARY KEY (`id`)
) ENGINE=MyISAM AUTO_INCREMENT=21 DEFAULT CHARSET=latin1;

--
-- Volcado de datos para la tabla `propietario`
--

INSERT INTO `propietario` (`id`, `nombre`, `numero_identificacion`, `tipo_documento`) VALUES
(18, 'luna patricia', '345674', 'Cedula de ciudadania'),
(2, 'sacaria piedras de tu rio', '7654321', 'Cedula Ciudadania'),
(3, 'benito el chivo', '89898989', 'Cedula Ciudadania'),
(4, 'joselito', '565656', 'Cedula Ciudadania'),
(6, 'nuevo propietario', '45454545', 'Cedula Ciudadania'),
(11, 'nuevo propietario', '123', 'Cedula Ciudadania'),
(12, 'Doña Tulia', '1567', 'PA'),
(13, 'polaaa', '3456', 'PA'),
(1, 'propietario con id 1', '80774196', 'CC'),
(16, 'luna', '741', 'Cedula de ciudadania'),
(19, 'copia', '1234567', 'Cedula Ciudadania'),
(20, 'Juan Gomez', '80774197', 'Cedula Ciudadania');

-- --------------------------------------------------------

--
-- Estructura de tabla para la tabla `sustitucion`
--

DROP TABLE IF EXISTS `sustitucion`;
CREATE TABLE IF NOT EXISTS `sustitucion` (
  `id` int(11) NOT NULL AUTO_INCREMENT,
  `fecha_inicio` date NOT NULL,
  `fecha_fin` date DEFAULT NULL,
  `estado` varchar(255) NOT NULL,
  `id_terreno` int(11) NOT NULL,
  `id_delegado` int(11) NOT NULL,
  `id_tiposustitucion` int(11) NOT NULL,
  `id_acuerdo` int(11) DEFAULT NULL,
  PRIMARY KEY (`id`),
  KEY `fk_acuerdo_id` (`id_acuerdo`),
  KEY `fk_tiposustitucion_id` (`id_tiposustitucion`),
  KEY `fk_delegado_id` (`id_delegado`),
  KEY `fk_terreno_id` (`id_terreno`)
) ENGINE=MyISAM AUTO_INCREMENT=8 DEFAULT CHARSET=latin1;

--
-- Volcado de datos para la tabla `sustitucion`
--

INSERT INTO `sustitucion` (`id`, `fecha_inicio`, `fecha_fin`, `estado`, `id_terreno`, `id_delegado`, `id_tiposustitucion`, `id_acuerdo`) VALUES
(1, '2018-09-28', '2021-09-28', 'En progreso', 1, 2, 1, NULL),
(2, '2018-06-04', NULL, 'En progreso', 3, 2, 2, 1),
(3, '2018-06-22', '2020-06-27', 'Finalizado', 7, 2, 2, 3),
(4, '2018-06-21', '2018-06-20', 'Finalizado', 7, 2, 2, 5),
(5, '2018-08-28', '2021-08-28', 'Finalizado', 1, 2, 2, 7),
(6, '2018-09-28', '2021-09-28', 'En progreso', 1, 2, 1, NULL),
(7, '2018-09-28', '2021-09-28', 'Finalizado', 1, 2, 2, 6);

-- --------------------------------------------------------

--
-- Estructura de tabla para la tabla `terreno`
--

DROP TABLE IF EXISTS `terreno`;
CREATE TABLE IF NOT EXISTS `terreno` (
  `id` int(11) NOT NULL AUTO_INCREMENT,
  `latitud` double DEFAULT NULL,
  `longitud` double DEFAULT NULL,
  `tamanio` int(11) DEFAULT NULL,
  `nombre` varchar(500) DEFAULT NULL,
  `id_propietario` int(11) NOT NULL,
  `id_municipio` int(11) NOT NULL,
  PRIMARY KEY (`id`),
  KEY `fk_propietario_id` (`id_propietario`),
  KEY `fk_municipio_id` (`id_municipio`)
) ENGINE=MyISAM AUTO_INCREMENT=16 DEFAULT CHARSET=latin1;

--
-- Volcado de datos para la tabla `terreno`
--

INSERT INTO `terreno` (`id`, `latitud`, `longitud`, `tamanio`, `nombre`, `id_propietario`, `id_municipio`) VALUES
(1, 1.12131, 2.32323, 4000, 'finca la chucua', 1, 5002),
(2, 1.12131, 2.32323, 123, 'finca la bonita actualizada actualizado', 3, 5002),
(3, 1.12131, 2.32323, 1111, 'finca la poderosa', 2, 50006),
(5, 1.12131, 2.32323, 1111, 'finca la poderosa', 3, 50150),
(6, 1.12131, 2.32323, 1111, 'finca la poderosa', 3, 50150),
(7, 1.12131, 2.32323, 1111, 'finca la poderosa', 3, 50150),
(8, 4.7, 7.01, 301, 'Finca paraiso', 20, 50150),
(13, 100, 200, 23, 'lax', 2, 5002),
(15, 4.711, 74.0721, 3000, 'Finca azul', 20, 50150);

-- --------------------------------------------------------

--
-- Estructura de tabla para la tabla `tiposustitucion`
--

DROP TABLE IF EXISTS `tiposustitucion`;
CREATE TABLE IF NOT EXISTS `tiposustitucion` (
  `id` int(11) NOT NULL AUTO_INCREMENT,
  `nombre` varchar(255) NOT NULL,
  `codigo` varchar(50) NOT NULL,
  PRIMARY KEY (`id`)
) ENGINE=MyISAM AUTO_INCREMENT=3 DEFAULT CHARSET=latin1;

--
-- Volcado de datos para la tabla `tiposustitucion`
--

INSERT INTO `tiposustitucion` (`id`, `nombre`, `codigo`) VALUES
(1, 'Sustitucion voluntaria', 'VOLUNTARIA'),
(2, 'Sustitucion Obligatoria por incumplimiento', 'OBLIGATORIA');

-- --------------------------------------------------------

--
-- Estructura de tabla para la tabla `tipousuario`
--

DROP TABLE IF EXISTS `tipousuario`;
CREATE TABLE IF NOT EXISTS `tipousuario` (
  `id` int(11) NOT NULL AUTO_INCREMENT,
  `nombre` varchar(255) NOT NULL,
  `nivel` int(11) NOT NULL,
  PRIMARY KEY (`id`)
) ENGINE=MyISAM AUTO_INCREMENT=3 DEFAULT CHARSET=latin1;

--
-- Volcado de datos para la tabla `tipousuario`
--

INSERT INTO `tipousuario` (`id`, `nombre`, `nivel`) VALUES
(1, 'director plan nacional', 1),
(2, 'delegado', 2);

-- --------------------------------------------------------

--
-- Estructura de tabla para la tabla `usuario`
--

DROP TABLE IF EXISTS `usuario`;
CREATE TABLE IF NOT EXISTS `usuario` (
  `id` int(11) NOT NULL AUTO_INCREMENT,
  `nombre` varchar(255) NOT NULL,
  `numero_identificacion` varchar(15) NOT NULL,
  `email` varchar(255) NOT NULL,
  `password` varchar(16) NOT NULL,
  `id_tipousuario` int(11) NOT NULL,
  PRIMARY KEY (`id`),
  KEY `fk_tipousuario_id` (`id_tipousuario`)
) ENGINE=MyISAM AUTO_INCREMENT=7 DEFAULT CHARSET=latin1;

--
-- Volcado de datos para la tabla `usuario`
--

INSERT INTO `usuario` (`id`, `nombre`, `numero_identificacion`, `email`, `password`, `id_tipousuario`) VALUES
(3, 'alguien', '2345678', 'algo@algo.com', '2345678', 1),
(2, 'john doe', '31777888', 'noreply@domain.com', '1234567', 1),
(4, 'super admin', '52718735', 'admin@domain.com', 'admin', 1),
(5, 'Santiago Torres', '80111333', 'storres@domain.com', 'storres', 2),
(6, 'Gaston Hernandez', '20511897', 'ghernandez@pnis.com', 'ghernandez', 2);
COMMIT;

/*!40101 SET CHARACTER_SET_CLIENT=@OLD_CHARACTER_SET_CLIENT */;
/*!40101 SET CHARACTER_SET_RESULTS=@OLD_CHARACTER_SET_RESULTS */;
/*!40101 SET COLLATION_CONNECTION=@OLD_COLLATION_CONNECTION */;
